[
  {
    "field_13353": "minecraft",
    "field_13355": "ender_pearl"
  },
  {
    "field_13353": "minecraft",
    "field_13355": "ender_pearl"
  },
  {
    "field_13353": "minecraft",
    "field_13355": "shulker_shell"
  },
  {
    "field_13353": "minecraft",
    "field_13355": "shulker_shell"
  },
  {
    "field_13353": "minecraft",
    "field_13355": "dragon_breath"
  },
  {
    "field_13353": "minecraft",
    "field_13355": "dragon_breath"
  },
  {
    "field_13353": "minecraft",
    "field_13355": "chorus_fruit"
  },
  {
    "field_13353": "minecraft",
    "field_13355": "chorus_fruit"
  },
  {
    "field_13353": "minecraft",
    "field_13355": "end_crystal"
  }
]