[
  {
    "field_13353": "minecraft",
    "field_13355": "diamond"
  },
  {
    "field_13353": "minecraft",
    "field_13355": "diamond"
  },
  {
    "field_13353": "minecraft",
    "field_13355": "iron_block"
  },
  {
    "field_13353": "minecraft",
    "field_13355": "iron_block"
  },
  {
    "field_13353": "minecraft",
    "field_13355": "redstone_block"
  },
  {
    "field_13353": "minecraft",
    "field_13355": "enchanted_golden_apple"
  },
  {
    "field_13353": "minecraft",
    "field_13355": "budding_amethyst"
  }
]