[
  {
    "field_13353": "minecraft",
    "field_13355": "glass_bottle"
  },
  {
    "field_13353": "minecraft",
    "field_13355": "gunpowder"
  },
  {
    "field_13353": "minecraft",
    "field_13355": "redstone"
  },
  {
    "field_13353": "minecraft",
    "field_13355": "spider_eye"
  },
  {
    "field_13353": "minecraft",
    "field_13355": "emerald"
  },
  {
    "field_13353": "minecraft",
    "field_13355": "cauldron"
  },
  {
    "field_13353": "minecraft",
    "field_13355": "string"
  },
  {
    "field_13353": "minecraft",
    "field_13355": "glowstone_dust"
  },
  {
    "field_13353": "minecraft",
    "field_13355": "blaze_powder"
  }
]