{
  "version": 1,
  "displayDebugData": false,
  "enabled": true,
  "leafSize": 5,
  "leafLifespan": 200,
  "leafSpawnRate": 10,
  "coniferLeafSpawnRate": 0,
  "snowflakeSpawnRate": 15,
  "dropFromPlayerPlacedBlocks": true,
  "leavesOnBlockHit": true,
  "minimumFreeSpaceBelow": 1,
  "windEnabled": true,
  "windlessDimensions": [
    "minecraft:the_end",
    "minecraft:the_nether"
  ],
  "leafSettings": {
    "byg:imparius_vine": {
      "spawnRateFactor": 1.0,
      "isConiferBlock": false
    },
    "croptopia:nectarine_crop": {
      "spawnRateFactor": 1.0,
      "isConiferBlock": false
    },
    "minecraft:mangrove_leaves": {
      "spawnRateFactor": 1.0,
      "isConiferBlock": false
    },
    "byg:red_oak_leaves": {
      "spawnRateFactor": 1.0,
      "isConiferBlock": false
    },
    "byg:redwood_leaves": {
      "spawnRateFactor": 1.0,
      "isConiferBlock": true
    },
    "croptopia:cherry_crop": {
      "spawnRateFactor": 1.0,
      "isConiferBlock": false
    },
    "croptopia:lemon_crop": {
      "spawnRateFactor": 1.0,
      "isConiferBlock": false
    },
    "byg:white_cherry_leaves": {
      "spawnRateFactor": 1.4,
      "isConiferBlock": false
    },
    "minecraft:oak_leaves": {
      "spawnRateFactor": 1.0,
      "isConiferBlock": false
    },
    "croptopia:coconut_crop": {
      "spawnRateFactor": 1.0,
      "isConiferBlock": false
    },
    "croptopia:mango_crop": {
      "spawnRateFactor": 1.0,
      "isConiferBlock": false
    },
    "byg:palm_leaves": {
      "spawnRateFactor": 0.0,
      "isConiferBlock": false
    },
    "byg:lament_leaves": {
      "spawnRateFactor": 1.0,
      "isConiferBlock": false
    },
    "croptopia:cashew_crop": {
      "spawnRateFactor": 1.0,
      "isConiferBlock": false
    },
    "twilightforest:thorn_leaves": {
      "spawnRateFactor": 1.0,
      "isConiferBlock": false
    },
    "croptopia:date_crop": {
      "spawnRateFactor": 1.0,
      "isConiferBlock": false
    },
    "byg:brown_oak_leaves": {
      "spawnRateFactor": 1.0,
      "isConiferBlock": false
    },
    "byg:embur_gel_vines_plant": {
      "spawnRateFactor": 1.0,
      "isConiferBlock": false
    },
    "croptopia:cinnamon_leaves": {
      "spawnRateFactor": 1.0,
      "isConiferBlock": false
    },
    "twilightforest:canopy_leaves": {
      "spawnRateFactor": 1.0,
      "isConiferBlock": false
    },
    "twilightforest:rainbow_oak_leaves": {
      "spawnRateFactor": 1.0,
      "isConiferBlock": false
    },
    "croptopia:almond_crop": {
      "spawnRateFactor": 1.0,
      "isConiferBlock": false
    },
    "byg:cika_leaves": {
      "spawnRateFactor": 1.0,
      "isConiferBlock": false
    },
    "byg:poison_ivy": {
      "spawnRateFactor": 1.0,
      "isConiferBlock": false
    },
    "croptopia:walnut_crop": {
      "spawnRateFactor": 1.0,
      "isConiferBlock": false
    },
    "twilightforest:transformation_leaves": {
      "spawnRateFactor": 1.0,
      "isConiferBlock": false
    },
    "croptopia:pear_crop": {
      "spawnRateFactor": 1.0,
      "isConiferBlock": false
    },
    "byg:yellow_birch_leaves": {
      "spawnRateFactor": 1.0,
      "isConiferBlock": false
    },
    "croptopia:fig_crop": {
      "spawnRateFactor": 1.0,
      "isConiferBlock": false
    },
    "byg:jacaranda_leaves": {
      "spawnRateFactor": 1.0,
      "isConiferBlock": false
    },
    "croptopia:lime_crop": {
      "spawnRateFactor": 1.0,
      "isConiferBlock": false
    },
    "twilightforest:dark_leaves": {
      "spawnRateFactor": 1.0,
      "isConiferBlock": false
    },
    "byg:nightshade_leaves": {
      "spawnRateFactor": 1.0,
      "isConiferBlock": false
    },
    "byg:skyris_vine": {
      "spawnRateFactor": 1.0,
      "isConiferBlock": false
    },
    "byg:brown_birch_leaves": {
      "spawnRateFactor": 1.0,
      "isConiferBlock": false
    },
    "byg:shulkren_vine_plant": {
      "spawnRateFactor": 1.0,
      "isConiferBlock": false
    },
    "byg:pine_leaves": {
      "spawnRateFactor": 1.0,
      "isConiferBlock": true
    },
    "byg:silver_maple_leaves": {
      "spawnRateFactor": 1.0,
      "isConiferBlock": false
    },
    "croptopia:plum_crop": {
      "spawnRateFactor": 1.0,
      "isConiferBlock": false
    },
    "byg:indigo_jacaranda_leaves": {
      "spawnRateFactor": 1.0,
      "isConiferBlock": false
    },
    "byg:yellow_spruce_leaves": {
      "spawnRateFactor": 1.0,
      "isConiferBlock": true
    },
    "byg:cypress_leaves": {
      "spawnRateFactor": 1.0,
      "isConiferBlock": true
    },
    "byg:blue_spruce_leaves": {
      "spawnRateFactor": 1.0,
      "isConiferBlock": true
    },
    "croptopia:banana_crop": {
      "spawnRateFactor": 1.0,
      "isConiferBlock": false
    },
    "byg:flowering_orchard_leaves": {
      "spawnRateFactor": 1.0,
      "isConiferBlock": false
    },
    "byg:willow_leaves": {
      "spawnRateFactor": 1.0,
      "isConiferBlock": false
    },
    "byg:embur_gel_vines": {
      "spawnRateFactor": 1.0,
      "isConiferBlock": false
    },
    "byg:flowering_nightshade_leaves": {
      "spawnRateFactor": 1.0,
      "isConiferBlock": false
    },
    "twilightforest:sorting_leaves": {
      "spawnRateFactor": 1.0,
      "isConiferBlock": false
    },
    "twilightforest:time_leaves": {
      "spawnRateFactor": 1.0,
      "isConiferBlock": false
    },
    "croptopia:orange_crop": {
      "spawnRateFactor": 1.0,
      "isConiferBlock": false
    },
    "byg:firecracker_leaves": {
      "spawnRateFactor": 1.0,
      "isConiferBlock": false
    },
    "byg:holly_berry_leaves": {
      "spawnRateFactor": 1.0,
      "isConiferBlock": false
    },
    "croptopia:apricot_crop": {
      "spawnRateFactor": 1.0,
      "isConiferBlock": false
    },
    "byg:flowering_indigo_jacaranda_leaves": {
      "spawnRateFactor": 1.0,
      "isConiferBlock": false
    },
    "byg:ripe_joshua_leaves": {
      "spawnRateFactor": 1.0,
      "isConiferBlock": false
    },
    "croptopia:peach_crop": {
      "spawnRateFactor": 1.0,
      "isConiferBlock": false
    },
    "byg:ether_leaves": {
      "spawnRateFactor": 1.0,
      "isConiferBlock": false
    },
    "byg:mahogany_leaves": {
      "spawnRateFactor": 1.0,
      "isConiferBlock": false
    },
    "byg:flowering_jacaranda_leaves": {
      "spawnRateFactor": 1.0,
      "isConiferBlock": false
    },
    "byg:blooming_witch_hazel_leaves": {
      "spawnRateFactor": 1.0,
      "isConiferBlock": false
    },
    "croptopia:pecan_crop": {
      "spawnRateFactor": 1.0,
      "isConiferBlock": false
    },
    "byg:pink_cherry_leaves": {
      "spawnRateFactor": 1.4,
      "isConiferBlock": false
    },
    "byg:shulkren_vine": {
      "spawnRateFactor": 1.0,
      "isConiferBlock": false
    },
    "byg:green_apple_skyris_leaves": {
      "spawnRateFactor": 1.0,
      "isConiferBlock": false
    },
    "minecraft:jungle_leaves": {
      "spawnRateFactor": 0.0,
      "isConiferBlock": false
    },
    "croptopia:avocado_crop": {
      "spawnRateFactor": 1.0,
      "isConiferBlock": false
    },
    "edenring:auritis_leaves": {
      "spawnRateFactor": 1.0,
      "isConiferBlock": false
    },
    "byg:rainbow_eucalyptus_leaves": {
      "spawnRateFactor": 1.0,
      "isConiferBlock": false
    },
    "byg:ebony_leaves": {
      "spawnRateFactor": 1.0,
      "isConiferBlock": false
    },
    "croptopia:dragonfruit_crop": {
      "spawnRateFactor": 1.0,
      "isConiferBlock": false
    },
    "byg:witch_hazel_leaves": {
      "spawnRateFactor": 1.0,
      "isConiferBlock": false
    },
    "byg:fir_leaves": {
      "spawnRateFactor": 1.0,
      "isConiferBlock": true
    },
    "byg:maple_leaves": {
      "spawnRateFactor": 1.0,
      "isConiferBlock": false
    },
    "byg:withering_oak_leaves": {
      "spawnRateFactor": 1.0,
      "isConiferBlock": false
    },
    "byg:imparius_vine_plant": {
      "spawnRateFactor": 1.0,
      "isConiferBlock": false
    },
    "croptopia:persimmon_crop": {
      "spawnRateFactor": 1.0,
      "isConiferBlock": false
    },
    "croptopia:starfruit_crop": {
      "spawnRateFactor": 1.0,
      "isConiferBlock": false
    },
    "byg:orchard_leaves": {
      "spawnRateFactor": 1.0,
      "isConiferBlock": false
    },
    "byg:brown_zelkova_leaves": {
      "spawnRateFactor": 1.0,
      "isConiferBlock": false
    },
    "croptopia:nutmeg_crop": {
      "spawnRateFactor": 1.0,
      "isConiferBlock": false
    },
    "twilightforest:beanstalk_leaves": {
      "spawnRateFactor": 1.0,
      "isConiferBlock": false
    },
    "twilightforest:twilight_oak_leaves": {
      "spawnRateFactor": 1.0,
      "isConiferBlock": false
    },
    "minecraft:flowering_azalea_leaves": {
      "spawnRateFactor": 1.0,
      "isConiferBlock": false
    },
    "blockus:legacy_leaves": {
      "spawnRateFactor": 1.0,
      "isConiferBlock": false
    },
    "byg:orange_spruce_leaves": {
      "spawnRateFactor": 1.0,
      "isConiferBlock": true
    },
    "byg:joshua_leaves": {
      "spawnRateFactor": 1.0,
      "isConiferBlock": false
    },
    "byg:holly_leaves": {
      "spawnRateFactor": 1.0,
      "isConiferBlock": false
    },
    "byg:red_spruce_leaves": {
      "spawnRateFactor": 1.0,
      "isConiferBlock": true
    },
    "minecraft:spruce_leaves": {
      "spawnRateFactor": 1.0,
      "isConiferBlock": true
    },
    "byg:orange_oak_leaves": {
      "spawnRateFactor": 1.0,
      "isConiferBlock": false
    },
    "minecraft:birch_leaves": {
      "spawnRateFactor": 1.0,
      "isConiferBlock": false
    },
    "minecraft:acacia_leaves": {
      "spawnRateFactor": 1.0,
      "isConiferBlock": false
    },
    "charm:ebony_leaves": {
      "spawnRateFactor": 1.0,
      "isConiferBlock": false
    },
    "endium:amaranth_leaves": {
      "spawnRateFactor": 1.0,
      "isConiferBlock": false
    },
    "byg:flowering_palo_verde_leaves": {
      "spawnRateFactor": 1.0,
      "isConiferBlock": false
    },
    "byg:blue_enchanted_leaves": {
      "spawnRateFactor": 1.0,
      "isConiferBlock": false
    },
    "byg:green_enchanted_leaves": {
      "spawnRateFactor": 1.0,
      "isConiferBlock": false
    },
    "techreborn:rubber_leaves": {
      "spawnRateFactor": 1.0,
      "isConiferBlock": false
    },
    "twilightforest:mangrove_leaves": {
      "spawnRateFactor": 1.0,
      "isConiferBlock": false
    },
    "byg:aspen_leaves": {
      "spawnRateFactor": 1.0,
      "isConiferBlock": false
    },
    "byg:zelkova_leaves": {
      "spawnRateFactor": 1.0,
      "isConiferBlock": false
    },
    "byg:red_maple_leaves": {
      "spawnRateFactor": 1.0,
      "isConiferBlock": false
    },
    "byg:ripe_orchard_leaves": {
      "spawnRateFactor": 1.0,
      "isConiferBlock": false
    },
    "croptopia:kumquat_crop": {
      "spawnRateFactor": 1.0,
      "isConiferBlock": false
    },
    "byg:skyris_leaves": {
      "spawnRateFactor": 1.4,
      "isConiferBlock": false
    },
    "twilightforest:mining_leaves": {
      "spawnRateFactor": 1.0,
      "isConiferBlock": false
    },
    "minecraft:azalea_leaves": {
      "spawnRateFactor": 1.0,
      "isConiferBlock": false
    },
    "byg:orange_birch_leaves": {
      "spawnRateFactor": 1.0,
      "isConiferBlock": false
    },
    "byg:palo_verde_leaves": {
      "spawnRateFactor": 1.0,
      "isConiferBlock": false
    },
    "byg:red_birch_leaves": {
      "spawnRateFactor": 1.0,
      "isConiferBlock": false
    },
    "byg:white_mangrove_leaves": {
      "spawnRateFactor": 1.0,
      "isConiferBlock": false
    },
    "blockus:white_oak_leaves": {
      "spawnRateFactor": 1.0,
      "isConiferBlock": false
    },
    "croptopia:apple_crop": {
      "spawnRateFactor": 1.0,
      "isConiferBlock": false
    },
    "croptopia:grapefruit_crop": {
      "spawnRateFactor": 1.0,
      "isConiferBlock": false
    },
    "byg:araucaria_leaves": {
      "spawnRateFactor": 1.0,
      "isConiferBlock": true
    },
    "minecraft:dark_oak_leaves": {
      "spawnRateFactor": 1.0,
      "isConiferBlock": false
    },
    "byg:baobab_leaves": {
      "spawnRateFactor": 1.0,
      "isConiferBlock": false
    },
    "terrestria:rubber_leaves": {
      "spawnRateFactor": 1.0,
      "isConiferBlock": false
    },
    "terrestria:sakura_leaves": {
      "spawnRateFactor": 1.4,
      "isConiferBlock": false
    },
    "terrestria:rainbow_eucalyptus_leaves": {
      "spawnRateFactor": 1.0,
      "isConiferBlock": false
    },
    "terrestria:japanese_maple_shrub_leaves": {
      "spawnRateFactor": 1.0,
      "isConiferBlock": false
    },
    "terrestria:yucca_palm_leaves": {
      "spawnRateFactor": 0.0,
      "isConiferBlock": false
    },
    "terrestria:cypress_leaves": {
      "spawnRateFactor": 1.0,
      "isConiferBlock": true
    },
    "terrestria:dark_japanese_maple_leaves": {
      "spawnRateFactor": 1.0,
      "isConiferBlock": false
    },
    "terrestria:japanese_maple_leaves": {
      "spawnRateFactor": 1.0,
      "isConiferBlock": false
    },
    "terrestria:willow_leaves": {
      "spawnRateFactor": 1.0,
      "isConiferBlock": false
    },
    "terrestria:jungle_palm_leaves": {
      "spawnRateFactor": 0.0,
      "isConiferBlock": false
    },
    "terrestria:hemlock_leaves": {
      "spawnRateFactor": 1.0,
      "isConiferBlock": true
    },
    "terrestria:redwood_leaves": {
      "spawnRateFactor": 1.0,
      "isConiferBlock": true
    },
    "biomemakeover:swamp_cypress_leaves": {
      "spawnRateFactor": 1.0,
      "isConiferBlock": true
    },
    "biomemakeover:ancient_oak_leaves": {
      "spawnRateFactor": 1.0,
      "isConiferBlock": false
    },
    "biomemakeover:blighted_balsa_leaves": {
      "spawnRateFactor": 1.0,
      "isConiferBlock": false
    },
    "biomemakeover:willow_leaves": {
      "spawnRateFactor": 1.0,
      "isConiferBlock": false
    }
  },
  "leafSpawners": [],
  "fallSpawnRateFactor": 1.8,
  "winterSpawnRateFactor": 0.1,
  "startingSpawnRadius": 0,
  "decaySpawnRateFactor": 2.6,
  "maxDecayLeaves": 9
}