[
  {
    "field_13353": "minecraft",
    "field_13355": "iron_sword"
  },
  {
    "field_13353": "minecraft",
    "field_13355": "iron_pickaxe"
  },
  {
    "field_13353": "minecraft",
    "field_13355": "iron_axe"
  },
  {
    "field_13353": "minecraft",
    "field_13355": "iron_shovel"
  },
  {
    "field_13353": "minecraft",
    "field_13355": "iron_horse_armor"
  },
  {
    "field_13353": "minecraft",
    "field_13355": "iron_boots"
  },
  {
    "field_13353": "minecraft",
    "field_13355": "iron_chestplate"
  },
  {
    "field_13353": "minecraft",
    "field_13355": "iron_leggings"
  },
  {
    "field_13353": "minecraft",
    "field_13355": "iron_helmet"
  },
  {
    "field_13353": "minecraft",
    "field_13355": "stone_sword"
  },
  {
    "field_13353": "minecraft",
    "field_13355": "stone_pickaxe"
  },
  {
    "field_13353": "minecraft",
    "field_13355": "stone_axe"
  },
  {
    "field_13353": "minecraft",
    "field_13355": "stone_shovel"
  },
  {
    "field_13353": "minecraft",
    "field_13355": "golden_sword"
  },
  {
    "field_13353": "minecraft",
    "field_13355": "golden_pickaxe"
  },
  {
    "field_13353": "minecraft",
    "field_13355": "golden_axe"
  },
  {
    "field_13353": "minecraft",
    "field_13355": "golden_shovel"
  },
  {
    "field_13353": "minecraft",
    "field_13355": "golden_horse_armor"
  },
  {
    "field_13353": "minecraft",
    "field_13355": "golden_boots"
  },
  {
    "field_13353": "minecraft",
    "field_13355": "golden_chestplate"
  },
  {
    "field_13353": "minecraft",
    "field_13355": "golden_leggings"
  },
  {
    "field_13353": "minecraft",
    "field_13355": "golden_helmet"
  },
  {
    "field_13353": "minecraft",
    "field_13355": "chainmail_boots"
  },
  {
    "field_13353": "minecraft",
    "field_13355": "chainmail_chestplate"
  },
  {
    "field_13353": "minecraft",
    "field_13355": "chainmail_leggings"
  },
  {
    "field_13353": "minecraft",
    "field_13355": "chainmail_helmet"
  }
]