{
  "general": {
    "creative_tab": false,
    "dispensers": true,
    "jar_tab": false,
    "custom_configured_screen": true,
    "debug_save_dynamic_pack": false,
    "pack_dependant_assets": true
  },
  "blocks": {
    "planter": true,
    "clock_block": true,
    "pedestal": true,
    "wind_vane": true,
    "redstone_illuminator": true,
    "notice_board": true,
    "crank": true,
    "jar": true,
    "faucet": true,
    "turn_table": true,
    "spring_launcher": true,
    "speaker_block": true,
    "sign_post": true,
    "hanging_sign": true,
    "bellows": true,
    "sconce": true,
    "sconce_green": false,
    "cage": true,
    "item_shelf": true,
    "sconce_lever": true,
    "cog_block": true,
    "globe": true,
    "hourglass": true,
    "sack": true,
    "blackboard": true,
    "safe": true,
    "copper_lantern": true,
    "gold_trapdoor": true,
    "gold_door": true,
    "bamboo_spikes": true,
    "bamboo_spikes_tipped": true,
    "stone_lamp": true,
    "end_stone_lamp": true,
    "blackstone_lamp": true,
    "deepslate_lamp": true,
    "checker_block": true,
    "netherite_door": true,
    "netherite_trapdoor": true,
    "lock_block": true,
    "flax": true,
    "pulley_block": true,
    "fodder": true,
    "crimson_lantern": true,
    "daub": true,
    "wattle_and_daub": true,
    "timber_frame": true,
    "flag": true,
    "stone_tile": true,
    "goblet": true,
    "raked_gravel": true,
    "statue": true,
    "iron_gate": true,
    "feather_block": true,
    "flint_block": true,
    "urn": true,
    "ash": true,
    "ash_bricks": true,
    "doormat": true,
    "flower_box": true,
    "blackstone_tile": true,
    "globe_sepia": true,
    "present": true,
    "sugar_cube": true,
    "crystal_display": true,
    "lapis_bricks": true,
    "relayer": true,
    "candle_holder": true,
    "enderman_head": true,
    "silver_trapdoor": true,
    "silver_door": true,
    "lead_trapdoor": true,
    "lead_door": true
  },
  "items": {
    "flute": true,
    "stasis": true,
    "dispenser_minecart": true,
    "soap": true,
    "bubble_blower": true,
    "antique_ink": true,
    "shulker_shell": true,
    "candy": true,
    "wrench": true,
    "quiver": true,
    "slingshot": true,
    "rope_arrow": true,
    "bomb": true,
    "pancake": true
  }
}