{
  "doLootBeams": true,
  "lootBeamHeight": 4,
  "lootBeamInner": 0.015,
  "lootBeamOuter": 0.1,
  "doLootBeamCommon": false,
  "doLootBeamUncommon": true,
  "doLootBeamRare": true,
  "doLootBeamEpic": true,
  "goblinChance": 1.0E-4,
  "particleCount": 2,
  "titleAbove": true,
  "titleSmall": true,
  "bonusLootMax": 10,
  "maxSpecificLoot": 5,
  "bonusCombatLootMax": 2,
  "bonusCombatLootChance": 0.25,
  "bonusLootEnchantChance": 0.25,
  "bonusEnchantedBooksMax": 1,
  "enchantedBookChance": 0.25,
  "recordChance": 0.05,
  "cooldown": 20,
  "minorGoblins": true
}