[
  {
    "field_13353": "minecraft",
    "field_13355": "music_disc_13"
  },
  {
    "field_13353": "minecraft",
    "field_13355": "music_disc_11"
  },
  {
    "field_13353": "minecraft",
    "field_13355": "music_disc_blocks"
  },
  {
    "field_13353": "minecraft",
    "field_13355": "music_disc_cat"
  },
  {
    "field_13353": "minecraft",
    "field_13355": "music_disc_chirp"
  },
  {
    "field_13353": "minecraft",
    "field_13355": "music_disc_far"
  },
  {
    "field_13353": "minecraft",
    "field_13355": "music_disc_mall"
  },
  {
    "field_13353": "minecraft",
    "field_13355": "music_disc_mellohi"
  },
  {
    "field_13353": "minecraft",
    "field_13355": "music_disc_otherside"
  },
  {
    "field_13353": "minecraft",
    "field_13355": "music_disc_pigstep"
  },
  {
    "field_13353": "minecraft",
    "field_13355": "music_disc_stal"
  },
  {
    "field_13353": "minecraft",
    "field_13355": "music_disc_strad"
  },
  {
    "field_13353": "minecraft",
    "field_13355": "music_disc_wait"
  },
  {
    "field_13353": "minecraft",
    "field_13355": "music_disc_ward"
  }
]