[
  {
    "field_13353": "minecraft",
    "field_13355": "netherite_scrap"
  },
  {
    "field_13353": "minecraft",
    "field_13355": "gold_block"
  },
  {
    "field_13353": "minecraft",
    "field_13355": "gold_block"
  },
  {
    "field_13353": "minecraft",
    "field_13355": "blaze_rod"
  },
  {
    "field_13353": "minecraft",
    "field_13355": "blaze_rod"
  },
  {
    "field_13353": "minecraft",
    "field_13355": "glowstone"
  },
  {
    "field_13353": "minecraft",
    "field_13355": "glowstone_dust"
  },
  {
    "field_13353": "minecraft",
    "field_13355": "quartz_block"
  }
]