[
  {
    "field_13353": "minecraft",
    "field_13355": "acacia_sapling"
  },
  {
    "field_13353": "minecraft",
    "field_13355": "birch_sapling"
  },
  {
    "field_13353": "minecraft",
    "field_13355": "spruce_sapling"
  },
  {
    "field_13353": "minecraft",
    "field_13355": "dark_oak_sapling"
  },
  {
    "field_13353": "minecraft",
    "field_13355": "jungle_sapling"
  },
  {
    "field_13353": "minecraft",
    "field_13355": "oak_sapling"
  },
  {
    "field_13353": "minecraft",
    "field_13355": "cactus"
  },
  {
    "field_13353": "minecraft",
    "field_13355": "dandelion"
  },
  {
    "field_13353": "minecraft",
    "field_13355": "poppy"
  },
  {
    "field_13353": "minecraft",
    "field_13355": "blue_orchid"
  },
  {
    "field_13353": "minecraft",
    "field_13355": "allium"
  },
  {
    "field_13353": "minecraft",
    "field_13355": "azure_bluet"
  },
  {
    "field_13353": "minecraft",
    "field_13355": "red_tulip"
  },
  {
    "field_13353": "minecraft",
    "field_13355": "orange_tulip"
  },
  {
    "field_13353": "minecraft",
    "field_13355": "white_tulip"
  },
  {
    "field_13353": "minecraft",
    "field_13355": "pink_tulip"
  },
  {
    "field_13353": "minecraft",
    "field_13355": "oxeye_daisy"
  },
  {
    "field_13353": "minecraft",
    "field_13355": "cornflower"
  },
  {
    "field_13353": "minecraft",
    "field_13355": "lily_of_the_valley"
  },
  {
    "field_13353": "minecraft",
    "field_13355": "wither_rose"
  },
  {
    "field_13353": "minecraft",
    "field_13355": "sunflower"
  },
  {
    "field_13353": "minecraft",
    "field_13355": "lilac"
  },
  {
    "field_13353": "minecraft",
    "field_13355": "rose_bush"
  },
  {
    "field_13353": "minecraft",
    "field_13355": "peony"
  },
  {
    "field_13353": "minecraft",
    "field_13355": "grass_block"
  },
  {
    "field_13353": "minecraft",
    "field_13355": "bone_meal"
  },
  {
    "field_13353": "minecraft",
    "field_13355": "potato"
  },
  {
    "field_13353": "minecraft",
    "field_13355": "carrot"
  },
  {
    "field_13353": "minecraft",
    "field_13355": "fern"
  },
  {
    "field_13353": "minecraft",
    "field_13355": "large_fern"
  },
  {
    "field_13353": "minecraft",
    "field_13355": "stone_shovel"
  },
  {
    "field_13353": "minecraft",
    "field_13355": "stone_hoe"
  },
  {
    "field_13353": "minecraft",
    "field_13355": "wooden_shovel"
  },
  {
    "field_13353": "minecraft",
    "field_13355": "wooden_hoe"
  },
  {
    "field_13353": "minecraft",
    "field_13355": "shears"
  },
  {
    "field_13353": "minecraft",
    "field_13355": "flower_pot"
  }
]